,price,resid_area,air_qual,room_num,age,dist1,teachers,n_hos_beds,parks,Sold,airport_NO,airport_YES,poor_prop_log
0,24.0,32.31,0.538,6.575,65.2,4.35,24.7,5.48,0.049347306,0,0,1,1.7884205679625405
1,21.6,37.07,0.469,6.421,78.9,4.99,22.2,7.332,0.046145633,1,1,0,2.316487998163037
2,34.7,37.07,0.469,7.185,61.1,5.03,22.2,7.394,0.045763966,0,1,0,1.6154199841116479
3,33.4,32.18,0.458,6.998,45.8,6.21,21.3,9.268,0.047150598,0,0,1,1.3711807233098425
4,36.2,32.18,0.458,7.147,54.2,6.16,21.3,8.824,0.039474005,0,1,0,1.8453002361560848
5,28.7,32.18,0.458,6.43,58.7,6.22,21.3,7.174,0.045909647,1,0,1,1.8261608959453874
6,22.9,37.87,0.524,6.012,66.6,5.87,24.8,6.958,0.052169908,1,0,1,2.5974910105351463
7,22.1,37.87,0.524,6.172,96.1,6.04,24.8,5.842,0.057074901,1,1,0,3.0032042883926917
8,16.5,37.87,0.524,5.631,100.0,6.18,24.8,5.93,0.056302495,0,0,1,3.4317265866969784
9,18.9,37.87,0.524,6.004,85.9,6.67,24.8,9.478,0.050727252,0,0,1,2.89591193827178
10,15.0,37.87,0.524,6.377,94.3,6.65,24.8,6.0,0.057775258,1,1,0,3.065724645374026
11,18.9,37.87,0.524,6.009,82.9,6.27,24.8,9.278,0.055236508,1,1,0,2.658159431488745
12,21.7,37.87,0.524,5.889,39.0,5.76,24.8,5.534,0.057423248,1,0,1,2.8160073426073025
13,20.4,38.14,0.538,5.949,61.8,4.72,19.0,5.908,0.053463955,0,0,1,2.225704048658088
14,18.2,38.14,0.538,6.096,84.5,4.6,19.0,6.964,0.059882129,0,1,0,2.421256622711544
15,19.9,38.14,0.538,5.834,56.5,4.6,19.0,8.498,0.059750758,0,0,1,2.248128907197987
16,23.1,38.14,0.538,5.935,29.3,4.66,19.0,5.462,0.054698587,0,1,0,2.0255131996542803
17,17.5,38.14,0.538,5.99,81.7,4.56,19.0,5.45,0.05478547,1,1,0,2.7517480563679295
18,20.2,38.14,0.538,5.456,36.6,3.8,19.0,8.504,0.054250839,0,0,1,2.540814281726296
19,18.2,38.14,0.538,5.727,69.5,3.98,19.0,8.564,0.057770199,1,1,0,2.5079719227189963
20,13.6,38.14,0.538,5.57,98.1,3.93,19.0,8.272,0.048317527,0,0,1,3.091951131294534
21,19.6,38.14,0.538,5.965,89.2,4.11,19.0,9.192,0.054040555,0,0,1,2.696652156149841
22,15.2,38.14,0.538,6.142,91.7,4.18,19.0,5.804,0.057413663,1,0,1,2.9816333491744893
23,14.5,38.14,0.538,5.813,100.0,4.35,19.0,7.49,0.052609397,0,0,1,3.038791763014438
24,15.6,38.14,0.538,5.924,94.1,4.69,19.0,8.212,0.050109252,1,0,1,2.8507065015037334
25,13.9,38.14,0.538,5.599,85.7,4.69,19.0,9.378,0.051585152,0,0,1,2.8627721462977607
26,16.6,38.14,0.538,5.813,90.3,4.94,19.0,9.732,0.04753336,1,1,0,2.7606426512213806
27,14.8,38.14,0.538,6.047,88.8,4.5,19.0,8.696,0.048746294,1,0,1,2.905807566026004
28,18.4,38.14,0.538,6.495,94.4,4.57,19.0,5.968,0.054327375,1,0,1,2.624668592163159
29,21.0,38.14,0.538,6.674,87.3,4.53,19.0,9.02,0.048769785,0,1,0,2.563409711275944
30,12.7,38.14,0.538,5.713,94.1,4.52,19.0,9.854,0.058542025,0,1,0,3.1612467120315646
31,14.5,38.14,0.538,6.072,100.0,4.39,19.0,9.29,0.052254284,1,0,1,2.641910398597665
32,13.2,38.14,0.538,5.95,82.0,4.01,19.0,8.764,0.053285159,0,1,0,3.3572454941329726
33,13.1,38.14,0.538,5.701,95.0,3.8,19.0,8.362,0.057017179,1,0,1,2.962692419475791
34,13.5,38.14,0.538,6.096,96.9,4.07,19.0,9.67,0.049603305,0,0,1,3.060583245873607
35,18.9,35.96,0.499,5.933,68.2,3.69,20.8,9.478,0.052911735,1,0,1,2.3683728335320486
36,20.0,35.96,0.499,5.841,61.4,3.39,20.8,7.5,0.045356817,0,1,0,2.5185025992165158
37,21.0,35.96,0.499,5.85,41.5,3.98,20.8,8.12,0.050974724,0,0,1,2.2793164660546914
38,24.2,35.96,0.499,5.966,30.2,4.15,20.8,8.184,0.048389259,1,0,1,2.4096441652874536
39,30.8,32.95,0.428,6.595,21.8,5.65,21.7,6.916,0.045051199,1,0,1,1.6714733033535532
40,34.9,32.95,0.428,7.024,15.8,5.63,21.7,6.198,0.042761796,1,0,1,1.091923300517313
41,26.6,36.91,0.448,6.77,2.9,5.77,22.1,7.732,0.04943941,1,1,0,1.7647307968401356
42,25.3,36.91,0.448,6.169,6.6,5.93,22.1,8.106,0.041829995,1,1,0,1.918392120161421
43,24.7,36.91,0.448,6.211,6.5,6.04,22.1,6.094,0.044818593,1,0,1,2.132982308607866
44,21.2,36.91,0.448,6.069,40.0,5.81,22.1,9.024,0.039936942,0,1,0,2.3561258599220753
45,19.3,36.91,0.448,5.682,33.8,5.23,22.1,8.086,0.044495948,0,1,0,2.4168062370840686
46,20.0,36.91,0.448,5.786,33.3,5.25,22.1,9.3,0.045462478,0,0,1,2.7180005319553784
47,16.6,36.91,0.448,6.03,85.5,5.83,22.1,5.332,0.052566062,0,0,1,2.9856819377004897
48,14.4,36.91,0.448,5.399,95.3,5.98,22.1,7.088,0.042666167,0,1,0,3.4597807057610526
49,19.4,36.91,0.448,5.602,62.0,6.11,22.1,5.988,0.050609653,0,1,0,2.8449093838194073
50,19.7,35.64,0.439,5.963,45.7,7.08,23.2,7.9990000000000006,0.040388562,1,0,1,2.670694414558441
51,20.5,35.64,0.439,6.115,63.0,7.04,23.2,7.01,0.047270246,1,0,1,2.344686269012681
52,25.0,35.64,0.439,6.511,21.1,7.02,23.2,9.9,0.046151955,1,1,0,1.8373699804801074
53,23.4,35.64,0.439,5.998,21.4,6.89,23.2,9.168,0.041560598,1,1,0,2.2438960966453663
54,18.9,34.0,0.41,5.888,47.6,7.4,18.9,8.678,0.038684066,0,0,1,2.760009940032921
55,35.4,31.22,0.403,7.249,21.9,8.9,22.1,7.508,0.047984816,0,0,1,1.7595805708638197
56,24.7,30.74,0.41,6.383,35.7,9.32,22.7,5.794,0.038214107,0,0,1,1.9125010869241836
57,31.6,31.32,0.411,6.816,40.5,8.63,24.9,7.432,0.042595273,0,0,1,1.599387576580599
58,23.3,35.13,0.453,6.145,29.2,7.98,20.3,7.866,0.04378357,0,1,0,2.061786606441115
59,19.6,35.13,0.453,5.927,47.2,7.26,20.3,6.192,0.045900171,0,0,1,2.3243465847755584
60,18.7,35.13,0.453,5.741,66.2,7.33,20.3,7.974,0.043822595,0,1,0,2.649714624089247
61,16.0,35.13,0.453,5.966,93.4,6.84,20.3,6.22,0.038611012,1,1,0,2.73696154459663
62,22.2,35.13,0.453,6.456,67.8,7.55,20.3,5.844,0.043331952,0,0,1,2.0451088625993306
63,25.0,35.13,0.453,6.762,43.4,8.23,20.3,5.9,0.046951062,0,0,1,2.3513752571634776
64,33.0,31.38,0.4161,7.104,59.5,9.44,21.4,8.26,0.038988656,0,0,1,2.2027647577118348
65,23.5,33.37,0.398,6.29,17.8,6.62,23.9,9.47,0.037495888,1,1,0,1.7351891177396608
66,19.4,33.37,0.398,5.787,31.1,6.7,23.9,8.988,0.047875577,0,1,0,2.419478844465545
67,22.0,36.07,0.409,5.878,21.4,6.64,21.1,7.14,0.040528069,0,0,1,2.2082744135228043
68,17.4,36.07,0.409,5.594,36.8,6.51,21.1,8.848,0.048420864,1,1,0,2.645465325910589
69,20.9,36.07,0.409,5.885,33.0,6.55,21.1,8.318,0.038387608,0,1,0,2.281361456542419
70,24.2,40.81,0.413,6.417,6.6,5.52,20.8,9.784,0.040917773,1,0,1,2.0438143640366846
71,21.7,40.81,0.413,5.961,17.5,5.44,20.8,10.034,0.039985354,0,1,0,2.3869262414277967
72,22.8,40.81,0.413,6.065,7.8,5.46,20.8,5.856,0.036089025,0,1,0,1.8748743759385615
73,23.4,40.81,0.413,6.245,6.2,5.36,20.8,5.968,0.043322646,0,0,1,2.1447610078004784
74,24.1,42.83,0.437,6.273,6.0,4.54,21.3,7.882,0.038894328,0,1,0,2.0515563381903004
75,21.4,42.83,0.437,6.286,45.0,4.83,21.3,6.028,0.038144597,1,1,0,2.2965670206684825
76,20.0,42.83,0.437,6.279,74.5,4.33,21.3,7.3,0.045274535,0,1,0,2.5626389983283526
77,20.8,42.83,0.437,6.14,45.8,4.32,21.3,5.916,0.041829283,0,0,1,2.422144328051685
78,21.2,42.83,0.437,6.232,53.7,5.34,21.3,8.824,0.03764722,1,0,1,2.590767040487478
79,20.3,42.83,0.437,5.874,36.6,4.53,21.3,6.406,0.047111045,1,1,0,2.312535423847214
80,28.0,34.86,0.426,6.727,33.5,5.5,21.0,6.46,0.037354248,1,0,1,1.8389610707123492
81,23.9,34.86,0.426,6.619,70.4,5.71,21.0,5.578,0.050032616,0,0,1,2.1065702090680882
82,24.8,34.86,0.426,6.302,32.2,5.53,21.0,6.096,0.04682196,0,1,0,2.0438143640366846
83,22.9,34.86,0.426,6.167,46.7,5.52,21.0,7.558,0.040448628,1,0,1,2.1412419425852827
84,23.9,34.49,0.449,6.389,48.0,4.97,21.5,6.678,0.042125262,0,1,0,2.362739015813793
85,26.6,34.49,0.449,6.63,56.1,4.75,21.5,9.732,0.052065566,1,1,0,2.018895041811802
86,22.5,34.49,0.449,6.015,45.1,4.62,21.5,5.95,0.047156577,1,0,1,2.6290069937617573
87,22.2,34.49,0.449,6.121,56.8,3.93,21.5,7.244,0.050998564,0,0,1,2.244955980157409
88,23.6,33.41,0.489,7.007,86.3,3.5,22.2,6.972,0.04554757,1,1,0,1.8718021769015913
89,28.7,33.41,0.489,7.079,63.1,3.66,22.2,7.574,0.047722824,1,0,1,1.9021075263969205
90,22.6,33.41,0.489,6.417,66.1,3.14,22.2,7.352,0.042303076,0,0,1,2.2834022735772717
91,22.0,33.41,0.489,6.405,73.9,3.16,22.2,8.24,0.045096039,1,1,0,2.2192034840549946
92,22.9,45.04,0.464,6.442,53.6,3.96,21.8,9.158,0.051749737,1,1,0,2.214846178686039
93,25.0,45.04,0.464,6.211,28.9,3.92,21.8,10.3,0.049108903,1,1,0,1.9754689512968577
94,20.6,45.04,0.464,6.249,77.3,3.81,21.8,5.712,0.046459979,1,1,0,2.4501426573516603
95,28.4,32.89,0.445,6.625,57.8,3.57,22.0,9.968,0.046627461,1,1,0,2.0347056478384444
96,21.4,32.89,0.445,6.163,69.6,3.58,22.0,10.228,0.046213944,1,1,0,2.5128460184772416
97,38.7,32.89,0.445,8.069,76.0,3.7,22.0,6.274,0.041200534,1,0,1,1.6505798557652755
98,43.8,32.89,0.445,7.82,36.9,3.54,22.0,10.876,0.051129581,0,0,1,1.5195132049061133
99,33.2,32.89,0.445,7.416,62.5,3.83,22.0,6.564,0.050933645,1,1,0,1.9726911717329554
100,27.5,38.56,0.52,6.727,79.9,3.1,19.1,9.65,0.046955478,0,0,1,2.343727036325221
101,26.5,38.56,0.52,6.781,71.3,3.15,19.1,7.23,0.0444151,1,0,1,2.1598687907924505
102,18.6,38.56,0.52,6.405,85.4,3.03,19.1,6.772,0.054341122,1,1,0,2.453587966530573
103,19.3,38.56,0.52,6.137,87.4,2.97,19.1,6.886,0.05540686,1,0,1,2.67000213346468
104,20.1,38.56,0.52,6.167,90.0,2.63,19.1,7.102,0.045728768,1,0,1,2.5900171341906173
105,19.5,38.56,0.52,5.851,96.7,2.19,19.1,7.89,0.05142062,1,0,1,2.8604851241459652
106,19.5,38.56,0.52,5.836,91.9,2.37,19.1,10.29,0.048169777,0,0,1,2.9785861147190205
107,20.4,38.56,0.52,6.127,85.2,2.35,19.1,6.008,0.05169746,0,0,1,2.7140322727797574
108,19.8,38.56,0.52,6.474,97.1,2.72,19.1,8.596,0.050114607,0,1,0,2.5855058483441162
109,19.4,38.56,0.52,6.229,91.2,2.57,19.1,9.788,0.055473931,0,0,1,2.806386101823072
110,21.7,38.56,0.52,6.195,54.4,3.05,19.1,6.934,0.045227306,0,0,1,2.6390573296152584
111,22.8,40.01,0.547,6.715,81.6,2.81,22.2,5.656,0.05432915,1,0,1,2.412335956953165
112,18.8,40.01,0.547,5.913,92.9,2.55,22.2,7.9990000000000006,0.057643674,0,0,1,2.845490610223448
113,18.7,40.01,0.547,6.092,95.4,2.59,22.2,10.074,0.060331195,0,0,1,2.895359299407204
114,18.5,40.01,0.547,6.254,84.2,2.54,22.2,6.67,0.056980267,1,1,0,2.4379897300002487
115,18.3,40.01,0.547,5.928,88.2,2.56,22.2,7.566,0.053824188,1,1,0,2.818995095053937
116,21.2,40.01,0.547,6.176,72.5,2.93,22.2,6.524,0.052774054,1,1,0,2.5680215564985067
117,19.2,40.01,0.547,6.021,82.6,2.77,22.2,9.484,0.060808694,1,1,0,2.424802725718295
118,20.4,40.01,0.547,5.872,73.1,2.8,22.2,8.008,0.056588861,0,0,1,2.7954503913830435
119,19.3,40.01,0.547,5.731,65.2,2.96,22.2,10.186,0.052908001,1,0,1,2.681706225762608
120,22.0,55.65,0.581,5.87,69.7,2.4,20.9,7.84,0.056973923,1,0,1,2.7324175575505043
121,20.3,55.65,0.581,6.004,84.1,2.44,20.9,9.706,0.056765616,1,0,1,2.725890119230541
122,20.5,55.65,0.581,5.961,92.9,2.34,20.9,8.91,0.060720897,1,0,1,2.9407479652212314
123,17.3,55.65,0.581,5.856,97.0,2.22,20.9,9.146,0.052355372,0,0,1,3.273742726309041
124,18.8,55.65,0.581,5.879,95.8,2.21,20.9,6.276,0.062119064,0,1,0,2.922085733385692
125,21.4,55.65,0.581,5.986,88.4,2.13,20.9,8.128,0.060716839,0,0,1,2.7606426512213806
126,15.7,55.65,0.581,5.613,95.6,1.93,20.9,7.714,0.063462127,0,1,0,3.3414473772563813
127,16.2,51.89,0.624,5.693,96.0,2.09,18.8,5.924,0.056659877,0,0,1,2.900871992530031
128,18.0,51.89,0.624,6.431,98.8,1.96,18.8,8.16,0.056365006,0,1,0,2.7966713927557385
129,14.3,51.89,0.624,5.637,94.7,2.3,18.8,7.886,0.058060503,0,0,1,2.9621754900251482
130,19.2,51.89,0.624,6.458,98.9,2.37,18.8,8.984,0.066273177,0,0,1,2.6100697927420065
131,19.6,51.89,0.624,6.326,97.7,2.54,18.8,7.592,0.055879606,0,0,1,2.5847519847577165
132,23.0,51.89,0.624,6.372,97.9,2.41,18.8,8.96,0.05495705,1,0,1,2.4948569806411682
133,18.4,51.89,0.624,5.822,95.4,2.73,18.8,10.268,0.061670168,1,0,1,2.7744619666214616
134,15.6,51.89,0.624,5.757,98.4,2.35,18.8,9.012,0.064571272,1,1,0,2.907447358686419
135,18.1,51.89,0.624,6.335,98.2,2.22,18.8,7.862,0.066297131,1,0,1,2.8881470628740535
136,17.4,51.89,0.624,5.942,93.5,2.26,18.8,10.148,0.062157471,1,1,0,2.884800712846709
137,17.1,51.89,0.624,6.454,98.4,2.15,18.8,6.942,0.067321325,1,0,1,2.7466296830696852
138,13.3,51.89,0.624,5.857,98.2,1.89,18.8,8.066,0.059284665,1,1,0,3.1054831375131102
139,17.8,51.89,0.624,6.151,97.9,1.91,18.8,8.656,0.059113982,0,0,1,2.968361076757859
140,14.0,51.89,0.624,6.174,93.6,1.86,18.8,5.68,0.056976992,0,1,0,3.22525543183224
141,14.4,51.89,0.624,5.019,100.0,1.63,18.8,9.988,0.056051787,0,0,1,3.566994266123812
142,13.4,49.58,0.871,5.403,100.0,1.34,25.3,5.268,0.080678048,0,0,1,3.325755186495297
143,15.6,49.58,0.871,5.468,100.0,1.64,25.3,7.312,0.07925606,0,0,1,3.3112726741341683
144,11.8,49.58,0.871,4.903,97.8,1.48,25.3,6.636,0.079429069,0,0,1,3.410817625039146
145,13.8,49.58,0.871,6.13,100.0,1.69,25.3,7.776,0.084516058,1,0,1,3.3603753871419
146,15.6,49.58,0.871,5.628,100.0,1.82,25.3,5.612,0.075905363,1,0,1,2.8707357833793057
147,14.6,49.58,0.871,4.926,95.7,1.77,25.3,6.892,0.079946625,0,1,0,3.4187098067467865
148,17.8,49.58,0.871,5.186,93.8,1.58,25.3,9.856,0.08378952,0,1,0,3.3782698770184507
149,15.4,49.58,0.871,5.597,94.9,1.76,25.3,10.108,0.075894744,1,1,0,3.1112906141882632
150,21.5,49.58,0.871,6.122,97.3,1.65,25.3,5.53,0.083032787,0,1,0,2.714694743820879
151,19.6,49.58,0.871,5.404,100.0,1.86,25.3,6.492,0.075318927,0,1,0,2.658859956911438
152,15.3,49.58,0.871,5.012,88.0,1.82,25.3,5.406,0.085078322,0,0,1,2.574137783515943
153,19.4,49.58,0.871,5.709,98.5,1.78,25.3,6.088,0.083903874,1,1,0,2.8207834710894493
154,17.0,49.58,0.871,6.129,96.0,1.77,25.3,7.44,0.080515947,1,1,0,2.780060737078482
155,15.6,49.58,0.871,6.152,82.6,1.88,25.3,9.912,0.086711473,1,1,0,2.7738379416402132
156,13.1,49.58,0.871,5.272,94.0,1.99,25.3,6.362,0.074884947,0,1,0,2.8414149131696336
157,41.3,49.58,0.605,6.943,97.4,1.99,25.3,8.226,0.05481416,0,0,1,1.7209792871670078
158,24.3,49.58,0.605,6.066,100.0,1.96,25.3,8.886,0.055598528,1,1,0,2.005525858729668
159,23.3,49.58,0.871,6.51,100.0,1.84,25.3,7.166,0.076488584,1,0,1,2.127040520479115
160,27.0,49.58,0.605,6.25,92.6,1.86,25.3,8.44,0.051890692,0,0,1,1.8718021769015913
161,50.0,49.58,0.605,7.489,90.8,2.17,25.3,10.5,0.053896795,0,0,1,1.0043016091968684
162,50.0,49.58,0.605,7.802,98.2,2.26,25.3,8.4,0.055681854,0,0,1,1.0715836162801904
163,50.0,49.58,0.605,8.375,93.9,2.26,25.3,8.0,0.060273298,0,0,1,1.463255402256019
164,22.7,49.58,0.605,5.854,91.8,2.71,25.3,8.354,0.065833104,1,0,1,2.5368663887187113
165,25.0,49.58,0.605,6.101,93.0,2.37,25.3,10.0,0.053283066,1,0,1,2.3804716316511167
166,50.0,49.58,0.605,7.929,96.2,2.11,25.3,8.3,0.052105035,0,0,1,1.547562508716013
167,23.8,49.58,0.605,5.877,79.2,2.69,25.3,10.076,0.054831218,1,0,1,2.5756610130564646
168,23.8,49.58,0.605,6.319,96.1,2.29,25.3,6.676,0.066262309,1,1,0,2.4932054526026954
169,22.3,49.58,0.605,6.402,95.2,2.3,25.3,5.546,0.053555634,1,1,0,2.511223958105374
170,17.4,49.58,0.605,5.875,94.6,2.7,25.3,7.948,0.060587462,1,1,0,2.7363136663750693
171,19.1,49.58,0.605,5.88,97.3,2.62,25.3,9.782,0.057446331,1,1,0,2.567254391136754
172,23.1,34.05,0.51,5.572,88.5,2.7,23.4,9.362,0.052949504,1,1,0,2.753023566744941
173,23.6,34.05,0.51,6.416,84.1,2.86,23.4,9.872,0.053992976,1,0,1,2.306577114263583
174,22.6,34.05,0.51,5.859,68.7,2.84,23.4,9.752,0.052971979,1,0,1,2.3646204839134985
175,29.4,34.05,0.51,6.546,33.1,3.22,23.4,6.188,0.050839826,0,0,1,1.8453002361560848
176,23.2,34.05,0.51,6.02,47.2,3.75,23.4,8.564,0.05195249,1,0,1,2.4078456036515385
177,24.6,34.05,0.51,6.315,73.4,3.35,23.4,7.092,0.047376831,1,0,1,1.986503546020567
178,29.9,34.05,0.51,6.86,74.4,3.19,23.4,5.898,0.054717152,0,1,0,2.0693912058263346
179,37.2,32.46,0.488,6.98,58.4,3.11,22.2,9.744,0.045500586,0,1,0,1.7984040119467235
180,39.8,32.46,0.488,7.765,83.3,2.98,22.2,8.496,0.046516009,0,0,1,2.1471001901536506
181,36.2,32.46,0.488,6.144,62.2,2.69,22.2,6.624,0.056018002,0,0,1,2.34660197841082
182,37.9,32.46,0.488,7.155,92.2,2.72,22.2,9.258,0.042959915,0,0,1,1.7613002617433464
183,32.5,32.46,0.488,6.563,95.6,3.04,22.2,7.35,0.045047217,0,0,1,1.8991179875485542
184,26.4,32.46,0.488,5.604,89.8,3.06,22.2,9.928,0.046676165,1,0,1,2.7067159780890733
185,29.6,32.46,0.488,6.153,68.8,3.43,22.2,8.192,0.046596095,1,0,1,2.649714624089247
186,50.0,32.46,0.488,7.831,53.6,3.45,22.2,6.0,0.045703391,0,0,1,1.6956156086751528
187,32.0,33.44,0.437,6.782,41.1,3.81,24.8,7.84,0.042225334,0,0,1,2.038619547159581
188,29.8,33.44,0.437,6.556,29.1,4.62,24.8,7.596,0.045949197,1,0,1,1.715598108262491
189,34.9,33.44,0.437,7.185,38.9,4.83,24.8,9.298,0.04637912,0,1,0,1.8547342683894434
190,33.0,33.44,0.437,6.951,21.5,6.54,24.8,6.16,0.050923075,0,1,0,1.8082887711792655
191,30.5,33.44,0.437,6.739,30.8,6.71,24.8,8.81,0.038316195,1,1,0,1.7387102481382397
192,36.4,33.44,0.437,7.178,26.3,6.76,24.8,10.528,0.044716451,1,0,1,1.3532545070416904
193,31.1,32.93,0.401,6.8,9.9,6.46,24.4,6.822,0.041103452,1,1,0,1.7967470107390942
194,29.1,32.93,0.401,6.604,18.8,6.51,24.4,9.282,0.04883319,1,1,0,1.682688374173693
195,50.0,30.46,0.422,7.875,32.0,5.81,25.6,8.2,0.042971351,0,0,1,1.3787660946990992
196,33.3,31.52,0.404,7.287,34.1,7.58,27.4,7.266,0.036635762,1,0,1,1.6253112615903906
197,30.3,31.52,0.404,7.107,36.6,7.64,27.4,6.906,0.040063074,1,0,1,2.262804222982201
198,34.6,31.52,0.404,7.274,38.3,7.53,27.4,10.192,0.041173937,1,1,0,2.030776369698555
199,34.9,31.47,0.403,6.975,15.3,7.97,23.0,7.998,0.041283982,1,0,1,1.715598108262491
200,32.9,31.47,0.403,7.135,13.9,7.79,23.0,5.958,0.046477735,0,1,0,1.6956156086751528
201,24.1,32.03,0.415,6.162,38.4,6.4,25.3,7.782,0.041438068,0,0,1,2.131796772013764
202,42.3,32.03,0.415,7.61,15.7,6.35,25.3,10.546,0.045898658,0,1,0,1.413423028508143
203,48.5,32.68,0.4161,7.853,33.2,5.37,25.3,8.77,0.040932911,0,1,0,1.57069708411767
204,50.0,32.68,0.4161,8.034,31.9,5.41,25.3,8.9,0.044178168,0,0,1,1.355835153635182
205,22.6,40.59,0.489,5.891,22.3,4.24,21.4,7.952,0.056222,0,0,1,2.4740142086215764
206,24.4,40.59,0.489,6.326,52.5,4.63,21.4,6.688,0.051027894,1,0,1,2.482403519569882
207,22.5,40.59,0.489,5.783,72.7,4.64,21.4,7.95,0.05189131,0,0,1,2.947591898226056
208,24.4,40.59,0.489,6.064,59.1,4.3,21.4,6.888,0.044689385,0,0,1,2.751109690562657
209,20.0,40.59,0.489,5.344,100.0,3.95,21.4,7.9,0.056197535,0,1,0,3.18179681662678
210,21.7,40.59,0.489,5.96,92.1,3.91,21.4,8.034,0.044598056,0,0,1,2.9052603703899154
211,19.3,40.59,0.489,5.404,88.6,3.99,21.4,5.986,0.048873203,0,1,0,3.2180755046974316
212,22.4,40.59,0.489,5.807,53.8,3.66,21.4,6.848,0.052656085,0,0,1,2.834976494674597
213,28.1,40.59,0.489,6.375,32.3,4.11,21.4,7.562,0.044019172,1,0,1,2.3398808777377424
214,23.7,40.59,0.489,5.412,9.8,3.68,21.4,5.674,0.056117611,0,0,1,3.4193646856176043
215,25.0,40.59,0.489,6.182,42.4,4.15,21.4,7.9990000000000006,0.04792534,0,0,1,2.3485140248824456
216,23.3,43.89,0.55,5.888,56.0,3.44,23.6,5.466,0.061620518,1,0,1,2.6748380668960965
217,28.7,43.89,0.55,6.642,85.1,3.52,23.6,9.274,0.048611305,1,1,0,2.3693087250369538
218,21.5,43.89,0.55,5.951,93.8,2.92,23.6,8.73,0.048031734,0,0,1,2.9402195636237325
219,23.0,43.89,0.55,6.373,92.4,3.65,23.6,6.16,0.056016354,1,0,1,2.4423470353692043
220,26.7,36.2,0.507,6.951,88.5,3.03,22.6,8.734,0.053540387,0,1,0,2.3711778844596574
221,21.7,36.2,0.507,6.164,91.3,3.31,22.6,5.734,0.057325565,0,0,1,3.111735949310297
222,27.5,36.2,0.507,6.879,77.7,3.41,22.6,9.45,0.046840009,0,0,1,2.391511302188447
223,30.1,36.2,0.507,6.618,80.8,3.5,22.6,9.702,0.0490122,0,0,1,2.151762203259462
224,44.8,36.2,0.504,8.266,78.3,2.96,22.6,6.796,0.056999654,0,0,1,1.6370530794670737
225,50.0,36.2,0.504,8.725,83.0,3.13,22.6,7.5,0.056994369,0,0,1,1.728109442151599
226,37.6,36.2,0.504,8.04,86.5,3.49,22.6,5.952,0.053115719,1,0,1,1.4182774069729414
227,31.6,36.2,0.504,7.163,79.9,3.31,22.6,6.332,0.054049996,0,1,0,1.9960599327407849
228,46.7,36.2,0.504,7.686,17.0,3.55,22.6,10.134,0.054927989,0,0,1,1.5933085305042167
229,31.5,36.2,0.504,6.552,21.4,3.56,22.6,7.33,0.044352419,0,0,1,1.5602476682433286
230,24.3,36.2,0.504,5.981,68.1,3.97,22.6,8.286,0.046602048,1,1,0,2.5376572151735295
231,31.7,36.2,0.504,7.412,76.9,3.88,22.6,6.734,0.05392758,0,0,1,1.8325814637483102
232,41.7,36.2,0.507,8.337,73.3,4.06,22.6,6.634,0.057302659,1,0,1,1.244154593958768
233,48.3,36.2,0.507,8.247,70.4,3.82,22.6,9.066,0.050358562,0,0,1,1.599387576580599
234,29.0,36.2,0.507,6.726,66.5,3.67,22.6,9.88,0.044080596,1,0,1,2.2027647577118348
235,24.0,36.2,0.507,6.086,61.5,3.91,22.6,9.18,0.052493323,0,0,1,2.474856313934499
236,25.1,36.2,0.507,6.631,76.5,4.46,22.6,9.402,0.046360973,0,0,1,2.355177543113216
237,31.5,36.2,0.507,7.358,71.6,4.24,22.6,10.53,0.056108329,1,0,1,1.7457155307266483
238,23.7,34.93,0.428,6.481,18.5,6.26,23.4,7.374,0.049067932,0,0,1,1.9960599327407849
239,23.3,34.93,0.428,6.606,42.2,6.25,23.4,5.566,0.041232141,0,1,0,2.124653884501384
240,27.0,34.93,0.428,6.897,54.3,6.49,23.4,10.24,0.038641351,0,0,1,2.5160822672564502
241,20.1,34.93,0.428,6.095,65.1,6.43,23.4,8.302,0.039667516,1,1,0,2.5952547069568657
242,22.2,34.93,0.428,6.358,52.9,7.11,23.4,6.044,0.041118808,0,0,1,2.503073953743449
243,23.7,34.93,0.428,6.393,7.8,7.06,23.4,7.374,0.048029264,1,0,1,1.8229350866965048
244,17.6,35.86,0.431,5.593,76.5,8.15,20.9,6.252,0.041141822,0,1,0,2.6026896854443837
245,18.5,35.86,0.431,5.605,70.2,8.28,20.9,9.27,0.043718216,1,0,1,2.968361076757859
246,24.3,35.86,0.431,6.108,34.9,8.37,20.9,7.086,0.048857201,0,0,1,2.318458442150336
247,20.5,35.86,0.431,6.226,79.2,8.17,20.9,9.81,0.046513913,0,1,0,2.411439497906128
248,24.5,35.86,0.431,6.433,49.1,8.05,20.9,8.39,0.049388751,0,0,1,2.3532782073095637
249,26.2,35.86,0.431,6.718,17.5,8.08,20.9,9.324,0.044233351,1,0,1,2.0228711901914416
250,24.4,35.86,0.431,6.487,13.0,7.5,20.9,6.188,0.038843516,1,0,1,1.9315214116032138
251,24.8,35.86,0.431,6.438,8.9,7.43,20.9,10.296,0.046856215,1,1,0,1.5238800240724537
252,29.6,35.86,0.431,6.957,6.8,9.18,20.9,8.992,0.0395258,0,1,0,1.5107219394949425
253,42.8,35.86,0.431,8.259,8.4,9.03,20.9,10.856,0.050873374,0,1,0,1.5129270120532565
254,21.9,33.64,0.392,6.108,32.0,9.39,23.6,6.538,0.036968617,0,1,0,2.0241930674493576
255,20.9,33.64,0.392,5.876,19.1,9.23,23.6,7.818,0.043736448,0,1,0,2.327277705584417
256,44.0,33.75,0.394,7.454,34.2,6.66,24.1,6.68,0.042191684,0,1,0,1.413423028508143
257,50.0,33.97,0.647,8.704,86.9,2.09,27.0,8.6,0.055193191,0,0,1,1.8115620965242347
258,36.0,33.97,0.647,7.333,100.0,2.2,27.0,8.02,0.060092539,1,0,1,2.1736147116970854
259,30.1,33.97,0.647,6.842,100.0,2.2,27.0,7.302,0.0598956,1,0,1,2.066862759472976
260,33.8,33.97,0.647,7.203,81.8,2.12,27.0,7.9990000000000006,0.068040719,1,0,1,2.359910159613315
261,43.1,33.97,0.647,7.52,89.4,2.4,27.0,6.662,0.06503824,0,0,1,2.1114245875328868
262,48.8,33.97,0.647,8.398,91.5,2.55,27.0,10.076,0.055130645,0,0,1,1.9329696377795786
263,31.0,33.97,0.647,7.327,94.5,2.41,27.0,5.72,0.055456883,1,0,1,2.505525936990736
264,36.5,33.97,0.647,7.206,91.6,1.96,27.0,8.53,0.058798548,0,0,1,2.2082744135228043
265,22.8,33.97,0.647,5.56,62.8,2.1,27.0,7.456,0.058891324,0,1,0,2.4379897300002487
266,30.7,33.97,0.647,7.014,84.6,2.22,27.0,6.114,0.05775938,0,1,0,2.7593768282675506
267,50.0,33.97,0.575,8.297,67.0,2.6,27.0,8.0,0.063234775,0,0,1,2.132982308607866
268,43.5,33.97,0.575,7.47,52.6,3.17,27.0,9.07,0.050390185,1,1,0,1.425515074273172
269,20.7,36.96,0.464,5.92,61.5,4.22,21.4,10.414,0.052332701,1,1,0,2.6844403354630764
270,21.1,36.96,0.464,5.856,42.1,4.66,21.4,6.222,0.046563106,0,0,1,2.6390573296152584
271,25.2,36.96,0.464,6.24,16.3,4.56,21.4,6.604,0.043394822,1,1,0,2.0268315914075385
272,24.4,36.96,0.464,6.538,58.7,4.01,21.4,8.488,0.043963559,1,0,1,2.166765369851511
273,35.2,36.96,0.464,7.691,51.8,4.53,21.4,6.004,0.042436929,0,0,1,2.0255131996542803
274,32.4,36.41,0.447,6.758,32.9,4.2,22.4,10.648,0.042514896,1,1,0,1.5107219394949425
275,32.0,36.41,0.447,6.854,42.8,4.28,22.4,8.84,0.038411883,0,0,1,1.3812818192963463
276,33.2,36.41,0.447,7.267,49.0,4.94,22.4,8.564,0.042341511,0,1,0,1.9530276168241774
277,33.1,36.41,0.447,6.826,27.6,5.14,22.4,6.262,0.041667833,0,1,0,1.6409365794934714
278,29.1,36.41,0.447,6.482,32.1,4.22,22.4,6.282,0.047733893,0,0,1,2.1029138978649784
279,35.1,33.33,0.4429,6.812,32.2,4.35,25.1,9.602,0.051259589,1,1,0,1.766441661243765
280,45.4,33.33,0.4429,7.82,64.5,4.98,25.1,7.108,0.041950915,0,1,0,1.5602476682433286
281,35.4,33.33,0.4429,6.968,37.2,5.55,25.1,8.508,0.042131214,0,0,1,1.7209792871670078
282,46.0,33.33,0.4429,7.645,49.7,5.46,25.1,8.72,0.05114129,0,0,1,1.3887912413184778
283,50.0,31.21,0.401,7.923,24.8,6.15,26.4,8.7,0.048894815,0,0,1,1.425515074273172
284,32.2,32.97,0.4,7.088,20.8,7.44,24.7,7.844,0.042339768,0,0,1,2.180417459019838
285,22.0,32.25,0.389,6.453,31.9,7.33,24.7,10.44,0.034687927,1,0,1,2.222459048514761
286,20.1,31.76,0.385,6.23,31.5,9.21,21.8,8.302,0.033291762,0,0,1,2.6340447877917144
287,23.2,35.32,0.405,6.209,31.3,7.45,23.4,9.964,0.043226217,1,0,1,2.096790180014449
288,22.3,35.32,0.405,6.315,45.6,7.63,23.4,5.846,0.034847434,0,1,0,2.151762203259462
289,24.8,35.32,0.405,6.565,22.9,7.33,23.4,9.096,0.041045876,1,1,0,2.3523271848888596
290,28.5,34.95,0.411,6.861,27.9,5.22,20.8,8.07,0.039614292,1,0,1,1.4655675420143985
291,37.3,34.95,0.411,7.148,27.7,5.12,20.8,8.146,0.047461264,0,0,1,1.5173226235262949
292,27.9,34.95,0.411,6.63,23.4,5.25,20.8,8.458,0.038906315,1,1,0,1.7404661748405046
293,23.9,43.92,0.437,6.127,18.4,5.76,24.0,7.278,0.04846407,1,0,1,2.259677591982769
294,21.7,43.92,0.437,6.009,42.3,5.54,24.0,8.834,0.03857924,1,1,0,2.4336133554004498
295,28.6,43.92,0.437,6.678,31.1,6.2,24.0,6.972,0.042031036,0,0,1,1.9837562915454279
296,27.1,43.92,0.437,6.549,51.0,6.22,24.0,10.442,0.045355724,1,1,0,2.127040520479115
297,20.3,43.92,0.437,5.79,58.0,6.56,24.0,7.606,0.052079028,0,0,1,2.8237570088141806
298,22.5,32.24,0.4,6.345,20.1,8.0,25.2,9.45,0.036877731,1,1,0,1.7867469274045107
299,29.0,32.24,0.4,7.041,10.0,7.84,25.2,7.98,0.04137643,1,0,1,1.747459210331475
300,24.8,32.24,0.4,6.871,47.4,8.09,25.2,9.096,0.042859916,0,0,1,1.9558604799084813
301,22.0,36.09,0.433,6.59,40.4,5.63,23.9,9.94,0.037135615,1,0,1,2.3513752571634776
302,26.4,36.09,0.433,6.495,18.4,5.8,23.9,7.928,0.03726343,0,0,1,2.269028309465203
303,33.1,36.09,0.433,6.982,17.7,5.81,23.9,8.262,0.051095004,0,1,0,1.7681496035889213
304,36.1,32.18,0.472,7.236,41.1,4.1,21.6,6.922,0.052321498,0,1,0,2.0706530356467567
305,28.4,32.18,0.472,6.616,58.1,3.63,21.6,6.568,0.045315188,1,1,0,2.295560478057081
306,33.4,32.18,0.472,7.42,71.9,3.31,21.6,10.668,0.050502605,1,0,1,2.010894999144726
307,28.2,32.18,0.472,6.849,70.3,3.28,21.6,10.464,0.046920311,1,0,1,2.143589361503588
308,22.8,39.9,0.544,6.635,82.5,3.57,21.6,7.156,0.058075982,0,1,0,1.7119945007591924
309,20.3,39.9,0.544,5.972,76.7,3.4,21.6,10.106,0.056731152,1,0,1,2.395164274287139
310,16.1,39.9,0.544,4.973,37.8,2.63,21.6,7.322,0.056148028,1,1,0,2.613006652415316
311,22.1,39.9,0.544,6.122,52.8,2.89,21.6,8.242,0.055734022,1,0,1,1.9430489167742813
312,19.4,39.9,0.544,6.023,90.4,3.0,21.6,6.288,0.053472691,1,0,1,2.543175557911976
313,21.6,39.9,0.544,6.266,82.8,3.38,21.6,8.832,0.054245265,0,0,1,2.186051276738094
314,23.8,39.9,0.544,6.567,87.3,3.92,21.6,9.576,0.054380967,0,0,1,2.330200260027019
315,16.2,39.9,0.544,5.705,77.7,4.02,21.6,6.724,0.055817767,1,1,0,2.5257286443082556
316,17.8,39.9,0.544,5.914,83.2,4.2,21.6,7.256,0.051922204,0,1,0,2.9616582932202395
317,19.8,39.9,0.544,5.782,71.7,4.13,21.6,9.796,0.04706184,0,1,0,2.8296776892239084
318,23.1,39.9,0.544,6.382,67.2,3.8,21.6,5.562,0.051488997,1,1,0,2.4300984132930052
319,21.0,39.9,0.544,6.113,58.8,4.07,21.6,10.32,0.054127891,0,1,0,2.6195832197798796
320,23.8,37.38,0.493,6.426,52.3,4.74,20.4,6.776,0.055346637,1,0,1,2.1041341542702074
321,23.1,37.38,0.493,6.376,54.3,4.85,20.4,7.762,0.046927708,1,0,1,2.063058062429312
322,20.4,37.38,0.493,6.041,49.9,4.93,20.4,8.908,0.045674585,1,1,0,2.163323025660538
323,18.5,37.38,0.493,5.708,74.3,4.91,20.4,6.57,0.050020111,0,0,1,2.5447466501440172
324,25.0,37.38,0.493,6.415,40.1,5.0,20.4,8.6,0.047326766,0,1,0,1.9629077254238845
325,24.6,37.38,0.493,6.431,14.7,5.51,20.4,7.992,0.045302946,0,1,0,1.8050046959780757
326,23.0,37.38,0.493,6.312,28.9,5.47,20.4,7.06,0.048493779,1,0,1,1.9671123567059163
327,22.2,37.38,0.493,6.083,43.7,5.59,20.4,9.044,0.050830442,0,1,0,2.6239436918052106
328,19.3,33.24,0.46,5.868,25.8,5.42,23.1,9.986,0.039430781,0,0,1,2.395164274287139
329,22.6,33.24,0.46,6.333,17.2,5.36,23.1,5.552,0.045171644,1,1,0,2.1210632163706555
330,19.8,33.24,0.46,6.144,32.2,6.02,23.1,9.396,0.043030882,1,1,0,2.3115448343655176
331,17.1,36.06,0.4379,5.706,28.4,6.67,23.1,6.742,0.052187447,1,1,0,2.5974910105351463
332,19.4,36.06,0.4379,6.031,23.3,6.95,23.1,7.488,0.051756241,1,0,1,2.178155014615869
333,22.2,35.19,0.515,6.316,38.1,6.76,19.8,9.144,0.049894824,1,1,0,1.8991179875485542
334,20.7,35.19,0.515,6.31,38.5,6.52,19.8,7.514,0.055402331,1,0,1,2.0476928433652555
335,21.1,35.19,0.515,6.037,34.5,6.26,19.8,8.922,0.050577407,1,0,1,2.1983350716202463
336,19.5,35.19,0.515,5.869,46.3,5.5,19.8,10.09,0.044682897,0,1,0,2.379546134130174
337,18.5,35.19,0.515,5.895,59.6,5.86,19.8,8.27,0.056682367,0,0,1,2.4475508632442313
338,20.6,35.19,0.515,6.059,37.3,4.91,19.8,8.112,0.053459545,0,0,1,2.252343876557299
339,19.0,35.19,0.515,5.985,45.4,4.89,19.8,6.38,0.04769962,0,1,0,2.3739750890807185
340,18.7,35.19,0.515,5.968,58.5,5.06,19.8,6.474,0.053311543,0,0,1,2.331172549845958
341,32.7,31.52,0.442,7.241,49.3,7.32,24.5,6.254,0.052440282,0,0,1,1.8702625307159986
342,16.5,31.89,0.518,6.54,59.7,6.46,24.1,7.33,0.056545656,1,0,1,2.2669579153508947
343,23.9,33.78,0.484,6.696,56.4,6.03,22.4,8.978,0.047871549,1,0,1,2.1016921506146558
344,31.2,33.78,0.484,6.874,28.1,6.71,22.4,10.624,0.046382519,1,1,0,1.724550719534605
345,17.5,34.39,0.442,6.014,48.5,8.24,21.2,7.15,0.050677119,1,0,1,2.4449523342809676
346,17.2,34.39,0.442,5.898,52.3,8.07,21.2,6.044,0.044077795,1,1,0,2.6152036507358583
347,23.1,34.15,0.429,6.516,27.7,8.87,22.1,8.162,0.038407038,0,0,1,1.9960599327407849
348,24.5,32.01,0.435,6.635,29.7,8.62,23.0,6.29,0.048923889,0,0,1,1.944480556245719
349,26.6,31.25,0.429,6.939,34.5,8.88,20.3,5.632,0.039234716,0,0,1,1.9300710850255671
350,22.9,31.25,0.429,6.49,44.4,9.0,20.3,7.258,0.038897843,1,1,0,1.9430489167742813
351,24.1,31.69,0.411,6.579,35.9,10.98,21.7,5.582,0.036212003,0,0,1,1.8702625307159986
352,18.6,31.69,0.411,5.884,18.5,10.83,21.7,7.372,0.039638648,0,0,1,2.1736147116970854
353,30.1,32.02,0.41,6.728,36.1,12.32,23.0,6.102,0.047356513,0,0,1,1.7047480922384253
354,18.2,31.91,0.413,5.663,21.9,10.76,18.0,8.764,0.046933708,0,1,0,2.2027647577118348
355,20.6,31.91,0.413,5.936,19.5,10.82,18.0,9.312,0.044335025,0,1,0,1.8825138324965192
356,17.8,48.1,0.77,6.212,97.4,2.16,19.8,5.956,0.077295155,1,1,0,2.9231615807191558
357,21.7,48.1,0.77,6.395,91.0,2.83,19.8,7.034,0.075544099,0,1,0,2.658159431488745
358,22.7,48.1,0.77,6.127,83.4,2.96,19.8,6.354,0.076655095,0,1,0,2.5241273629412815
359,22.6,48.1,0.77,6.112,81.3,2.78,19.8,7.9990000000000006,0.074238745,0,1,0,2.6152036507358583
360,25.0,48.1,0.77,6.398,88.0,2.73,19.8,8.8,0.067257872,1,1,0,2.1736147116970854
361,19.9,48.1,0.77,6.251,91.1,2.58,19.8,8.898,0.073252182,0,0,1,2.7206373166076814
362,20.8,48.1,0.77,5.362,96.2,2.27,19.8,8.016,0.069929484,0,1,0,2.4150205223238337
363,16.8,48.1,0.77,5.803,89.0,1.98,19.8,9.736,0.08028456,0,0,1,2.7498317351171653
364,21.9,48.1,0.718,8.78,82.9,1.97,19.8,8.038,0.062172824,1,1,0,1.8389610707123492
365,27.5,48.1,0.718,3.561,87.9,1.63,19.8,8.05,0.067931991,0,0,1,2.0943301541735866
366,21.9,48.1,0.718,4.963,91.4,2.08,19.8,10.238,0.075653918,0,1,0,2.70805020110221
367,23.1,48.1,0.631,3.863,100.0,1.53,19.8,9.962,0.055889023,0,1,0,2.6623552418400807
368,50.0,48.1,0.631,4.97,100.0,1.47,19.8,9.7,0.062356485,0,1,0,1.449269160281279
369,50.0,48.1,0.631,6.683,96.8,1.55,19.8,6.7,0.06747724,0,0,1,1.5539252025038417
370,50.0,48.1,0.631,7.016,97.5,1.4,19.8,10.1,0.05922939,0,0,1,1.3762440252663892
371,50.0,48.1,0.631,6.216,100.0,1.38,19.8,9.8,0.060880135,0,0,1,2.354228326145884
372,50.0,48.1,0.668,5.875,89.6,1.13,19.8,10.8,0.06447881,0,0,1,2.2905125117597764
373,13.8,48.1,0.668,4.906,100.0,1.48,19.8,6.876,0.061022409,0,0,1,3.5771095532709265
374,13.8,48.1,0.668,4.138,100.0,1.46,19.8,7.076,0.071138748,0,1,0,3.662792119350618
375,15.0,48.1,0.671,7.313,97.9,1.62,19.8,8.9,0.062426718,1,1,0,2.67000213346468
376,13.9,48.1,0.671,6.649,93.3,1.65,19.8,9.478,0.070452383,0,0,1,3.1880041612011136
377,13.3,48.1,0.671,6.794,98.8,1.57,19.8,6.066,0.069007471,1,0,1,3.1018924693823817
378,13.1,48.1,0.671,6.38,96.2,1.52,19.8,9.262,0.06315332,0,0,1,3.206398303357088
379,10.2,48.1,0.671,6.223,100.0,1.48,19.8,7.904,0.058067105,1,1,0,3.125882958019036
380,10.4,48.1,0.671,6.968,91.9,1.66,19.8,9.408,0.066591139,1,0,1,2.9019708937395166
381,10.9,48.1,0.671,6.545,99.1,1.78,19.8,8.618,0.05814884,1,1,0,3.0946722214088944
382,11.3,48.1,0.7,5.536,100.0,1.9,19.8,8.226,0.060649594,0,0,1,3.202746442938317
383,12.3,48.1,0.7,5.52,100.0,1.71,19.8,6.746,0.070122485,0,1,0,3.241028629509334
384,8.8,48.1,0.7,4.368,91.2,1.5,19.8,5.676,0.062556587,0,1,0,3.4541060373175574
385,7.2,48.1,0.7,5.277,98.1,1.46,19.8,10.144,0.059990848,0,1,0,3.4597807057610526
386,10.5,48.1,0.7,4.652,100.0,1.71,19.8,7.71,0.059673708,0,0,1,3.3769046890931107
387,7.4,48.1,0.7,5.0,89.5,1.79,19.8,8.348,0.061626983,0,1,0,3.49620448524049
388,10.2,48.1,0.7,4.88,100.0,1.77,19.8,6.104,0.071030258,0,1,0,3.453789831781326
389,11.5,48.1,0.7,5.39,98.9,2.0,19.8,6.03,0.061502094,0,1,0,3.084200921541599
390,15.1,48.1,0.7,5.713,97.0,2.2,19.8,9.702,0.071082586,1,0,1,2.896464271895322
391,23.2,48.1,0.7,6.051,82.5,2.17,19.8,9.664,0.061832936,0,0,1,2.983659692319722
392,9.7,48.1,0.7,5.036,97.0,1.98,19.8,5.494,0.068542099,0,1,0,3.283914221047423
393,13.8,48.1,0.693,6.193,92.6,1.89,19.8,9.076,0.062731082,0,1,0,2.783157673589016
394,12.7,48.1,0.693,5.887,94.7,1.99,19.8,6.754,0.065389612,0,1,0,2.8535925063928684
395,13.1,48.1,0.693,6.471,98.8,2.04,19.8,5.762,0.071121639,1,1,0,2.8970163006148333
396,12.5,48.1,0.693,6.405,96.0,1.77,19.8,5.45,0.068462877,1,0,1,3.0140632302387145
397,8.5,48.1,0.693,5.747,98.9,1.73,19.8,9.27,0.06623652,1,1,0,3.040705639196722
398,5.0,48.1,0.693,5.453,100.0,1.57,19.8,9.3,0.065253151,0,1,0,3.4528406148139936
399,6.3,48.1,0.693,5.852,77.8,1.7,19.8,6.726,0.061264059,1,1,0,3.4330189939851112
400,5.6,48.1,0.693,5.987,100.0,1.73,19.8,9.212,0.061734722,1,0,1,3.323956301318708
401,7.2,48.1,0.693,6.343,100.0,1.76,19.8,7.344,0.070291108,1,0,1,3.0596455992976437
402,12.1,48.1,0.693,6.404,100.0,1.66,19.8,5.442,0.068858839,1,1,0,3.0591764461105257
403,8.3,48.1,0.693,5.349,96.0,1.75,19.8,7.9990000000000006,0.067688666,1,0,1,3.033509637888021
404,8.5,48.1,0.693,5.531,85.4,1.9,19.8,8.47,0.061470408,1,1,0,3.3456846717318967
405,5.0,48.1,0.693,5.683,100.0,1.53,19.8,7.3,0.065307953,1,0,1,3.177220149599368
406,11.9,48.1,0.659,4.138,100.0,1.46,19.8,8.538,0.061901185,1,0,1,3.1921210875593813
407,27.9,48.1,0.659,5.608,100.0,1.46,19.8,6.658,0.067194873,0,0,1,2.574899688314705
408,17.2,48.1,0.597,5.617,97.9,1.53,19.8,6.444,0.052765327,0,1,0,3.3105430133940246
409,27.5,48.1,0.597,6.852,100.0,1.52,19.8,7.65,0.056582992,0,0,1,3.0339909856710814
410,15.0,48.1,0.597,5.757,100.0,1.69,19.8,9.6,0.061616148,1,1,0,2.4078456036515385
411,17.2,48.1,0.597,6.657,100.0,1.56,19.8,9.644,0.055100907,0,1,0,3.100992784211484
412,17.9,48.1,0.597,4.628,100.0,1.77,19.8,8.358,0.058674621,0,1,0,3.5658640032173894
413,16.3,48.1,0.597,5.155,100.0,1.84,19.8,6.626,0.055800358,0,1,0,3.0483247236731614
414,7.0,48.1,0.693,4.519,100.0,1.74,19.8,6.04,0.069262801,0,0,1,3.63705970538414
415,7.2,48.1,0.679,6.434,100.0,1.88,19.8,8.644,0.058726791,0,1,0,3.4028626609812167
416,7.5,48.1,0.679,6.782,90.8,1.9,19.8,7.9990000000000006,0.06461937,1,0,1,3.2880286835565173
417,10.4,48.1,0.679,5.304,89.1,1.73,19.8,8.608,0.058834904,0,0,1,3.319263998899469
418,8.8,48.1,0.679,5.957,100.0,1.96,19.8,8.476,0.067903567,0,1,0,3.073618812211062
419,8.4,48.1,0.718,6.824,76.5,2.05,19.8,5.968,0.063264165,1,1,0,3.167161389181522
420,16.7,48.1,0.718,6.411,100.0,1.93,19.8,6.034,0.064850926,0,0,1,2.7738379416402132
421,14.2,48.1,0.718,6.006,95.3,1.98,19.8,8.284,0.075559551,1,1,0,2.8154087194227095
422,20.8,48.1,0.614,5.648,87.6,2.13,19.8,8.916,0.058066317,1,1,0,2.714694743820879
423,13.4,48.1,0.614,6.103,85.1,2.08,19.8,8.268,0.063343967,0,1,0,3.190064743014081
424,11.7,48.1,0.584,5.565,70.6,2.26,19.8,7.834,0.063779016,1,1,0,2.8992213731731473
425,8.3,48.1,0.679,5.896,95.4,2.15,19.8,5.566,0.067305708,0,0,1,3.234355395716587
426,10.2,48.1,0.584,5.837,59.7,2.27,19.8,9.104,0.055707938,1,1,0,2.8148097376737438
427,10.9,48.1,0.679,6.202,78.7,2.07,19.8,7.518,0.066286981,1,1,0,2.7421295147550726
428,11.0,48.1,0.679,6.193,78.1,2.12,19.8,8.52,0.067890699,1,0,1,3.1144038032714896
429,9.5,48.1,0.679,6.38,95.6,1.98,19.8,8.79,0.064037395,0,0,1,3.22207071576472
430,14.5,48.1,0.584,6.348,86.1,2.28,19.8,9.09,0.063629899,1,1,0,2.925309809257445
431,14.1,48.1,0.584,6.833,94.3,2.1,19.8,6.682,0.054610526,1,0,1,3.029650491757452
432,16.1,48.1,0.584,6.425,74.8,2.4,19.8,8.722,0.053705297,1,0,1,2.567254391136754
433,14.3,48.1,0.713,6.436,87.9,2.34,19.8,6.186,0.061400159,0,1,0,2.8460714989995846
434,11.7,48.1,0.713,6.208,95.0,2.44,19.8,7.834,0.074839333,1,1,0,2.783157673589016
435,13.4,48.1,0.74,6.629,94.6,2.15,19.8,10.168,0.076801062,0,1,0,3.18924101973851
436,9.6,48.1,0.74,6.461,93.3,2.32,19.8,6.092,0.070157854,0,0,1,2.94706710157271
437,8.2,48.1,0.74,6.152,100.0,2.01,19.8,9.864,0.06739388,1,1,0,3.3123661679555396
438,8.4,48.1,0.74,5.935,87.9,1.85,19.8,9.568,0.071117798,0,0,1,3.555919326857706
439,12.8,48.1,0.74,5.627,93.9,1.87,19.8,8.456,0.073012667,0,0,1,3.1730412885244013
440,10.5,48.1,0.74,5.818,92.4,2.03,19.8,7.41,0.075248915,1,1,0,3.1402654242862895
441,17.1,48.1,0.74,6.406,97.2,2.33,19.8,9.242,0.077408024,0,0,1,3.021400020302569
442,14.8,48.1,0.74,6.219,100.0,2.08,19.8,7.096,0.07711596,0,1,0,2.8673305587494666
443,15.4,48.1,0.74,6.485,100.0,2.29,19.8,6.608,0.06694984,1,1,0,2.9882040071331994
444,10.8,48.1,0.74,5.854,96.6,1.93,19.8,5.516,0.065304838,0,1,0,3.210440346047099
445,11.8,48.1,0.74,6.459,94.8,2.2,19.8,5.336,0.076180913,1,0,1,3.2180755046974316
446,14.9,48.1,0.74,6.341,96.4,2.23,19.8,10.198,0.070659667,0,1,0,2.933324813425374
447,12.6,48.1,0.74,6.251,96.6,2.51,19.8,9.752,0.064950729,1,0,1,2.8587664184808337
448,14.1,48.1,0.713,6.185,98.7,2.43,19.8,9.082,0.067950544,0,0,1,2.9512577834521614
449,13.0,48.1,0.713,6.417,98.3,2.5,19.8,8.06,0.073411072,0,0,1,3.011113375592293
450,13.4,48.1,0.713,6.749,92.6,2.4,19.8,9.068,0.06132192,1,0,1,2.914522218128448
451,15.2,48.1,0.713,6.655,98.2,2.51,19.8,8.104,0.061385953,0,0,1,2.930126516455997
452,16.1,48.1,0.713,6.297,91.8,2.48,19.8,6.722,0.064521583,1,1,0,2.9052603703899154
453,17.8,48.1,0.713,7.393,99.3,2.77,19.8,5.956,0.069112577,1,0,1,2.8758219768814333
454,14.4,48.1,0.713,6.728,94.1,2.5,19.8,5.888,0.066068471,1,1,0,2.9811261211646287
455,14.1,48.1,0.713,6.525,86.5,2.61,19.8,7.782,0.061925584,0,1,0,2.9512577834521614
456,12.7,48.1,0.713,5.976,87.9,2.65,19.8,7.154,0.06376258,0,1,0,2.996232148595642
457,13.5,48.1,0.713,5.936,80.3,2.86,19.8,8.87,0.074872202,1,1,0,2.88703285663065
458,14.9,48.1,0.713,6.301,83.7,3.1,19.8,5.598,0.064939128,1,1,0,2.8466520505398383
459,20.0,48.1,0.713,6.081,84.4,2.74,19.8,5.4,0.072635554,0,0,1,2.7536607123542622
460,16.4,48.1,0.713,6.701,90.0,2.9,19.8,9.428,0.060878559,1,0,1,2.857618971424357
461,17.7,48.1,0.713,6.376,88.4,2.82,19.8,9.854,0.062928764,1,0,1,2.750470916986162
462,19.5,48.1,0.713,6.317,83.0,3.04,19.8,5.89,0.070732691,0,1,0,2.7073833121145063
463,20.2,48.1,0.713,6.513,89.9,3.06,19.8,8.804,0.075168226,0,0,1,2.4239173781615704
464,21.4,48.1,0.655,6.209,65.4,3.16,19.8,7.828,0.057674333,1,1,0,2.6546494243750947
465,19.9,48.1,0.655,5.759,48.2,3.26,19.8,9.998,0.065980125,0,1,0,2.7166795278002644
466,19.0,48.1,0.655,5.952,84.7,3.13,19.8,8.38,0.057142887,1,0,1,2.8986705607108596
467,19.1,48.1,0.584,6.003,94.5,2.64,19.8,9.482,0.050545377,0,1,0,3.1054831375131102
468,19.1,48.1,0.58,5.926,71.0,2.96,19.8,5.882,0.049370098,0,1,0,2.9512577834521614
469,20.1,48.1,0.58,5.713,56.7,3.02,19.8,6.302,0.051188122,1,1,0,2.757475084429733
470,19.9,48.1,0.58,6.167,84.0,3.22,19.8,5.598,0.063720531,1,1,0,2.850128299695199
471,19.6,48.1,0.532,6.229,90.7,3.28,19.8,8.692,0.04747729,0,0,1,2.6297282343267403
472,23.2,48.1,0.58,6.437,75.0,3.04,19.8,8.464,0.063409461,0,0,1,2.731766727719526
473,29.8,48.1,0.614,6.98,67.6,2.77,19.8,7.396,0.062915696,0,0,1,2.5384474167160302
474,13.8,48.1,0.584,5.427,95.4,2.61,19.8,9.076,0.049707252,0,1,0,2.9517803860248084
475,13.3,48.1,0.584,6.162,97.4,2.5,19.8,9.066,0.063035421,0,0,1,3.2228678461377385
476,16.7,48.1,0.614,6.484,93.6,2.58,19.8,6.134,0.056696324,1,0,1,2.9796028916241073
477,12.0,48.1,0.614,5.304,97.3,2.28,19.8,9.34,0.061921548,0,1,0,3.2546289945740186
478,14.6,48.1,0.614,6.185,96.7,2.29,19.8,5.292,0.065217793,0,0,1,2.946016681308058
479,21.4,48.1,0.614,6.229,88.0,2.27,19.8,6.128,0.063157529,1,1,0,2.6468837658647226
480,23.0,48.1,0.532,6.242,64.7,3.48,19.8,8.56,0.046089256,0,1,0,2.4630018143999504
481,23.7,48.1,0.532,6.75,74.9,3.44,19.8,6.974,0.046987414,1,1,0,2.167910189667444
482,25.0,48.1,0.532,7.061,77.0,3.67,19.8,5.5,0.058384238,0,1,0,2.080690761080268
483,21.8,48.1,0.532,5.762,40.3,4.41,19.8,9.636,0.048221723,1,1,0,2.435366204227864
484,20.6,48.1,0.583,5.871,41.9,3.93,19.8,8.112,0.060860495,0,0,1,2.663052835171474
485,21.2,48.1,0.583,6.312,51.9,4.03,19.8,9.024,0.049993542,0,1,0,2.449279472144849
486,19.1,48.1,0.583,6.114,79.8,3.55,19.8,8.582,0.059506497,0,0,1,2.7713379403381286
487,20.6,48.1,0.583,5.905,53.2,3.36,19.8,8.412,0.062054499,1,1,0,2.5217206229107165
488,15.2,57.74,0.609,5.454,92.7,2.1,19.9,6.004,0.060475976,0,1,0,2.947591898226056
489,7.0,57.74,0.609,5.414,98.3,2.08,19.9,9.84,0.065888635,1,1,0,3.217675104291682
490,8.1,57.74,0.609,5.093,98.0,1.97,19.9,9.162,0.062741536,1,0,1,3.4236109764990554
491,13.6,57.74,0.609,5.983,98.8,1.96,19.9,7.072,0.056278464,1,1,0,2.9481164196123277
492,20.1,57.74,0.609,5.983,83.5,2.25,19.9,8.902,0.062228045,1,0,1,2.66374994220563
493,21.8,39.69,0.585,5.707,54.0,2.7,20.8,5.936,0.058020893,1,0,1,2.565718292524414
494,24.5,39.69,0.585,5.926,42.6,2.55,20.8,8.79,0.054577495,1,0,1,2.6803363625346943
495,23.1,39.69,0.585,5.67,28.8,3.08,20.8,8.462,0.055591669,0,1,0,2.9231615807191558
496,19.7,39.69,0.585,5.39,72.9,2.86,20.8,7.9990000000000006,0.061026488,0,1,0,3.0973859272804907
497,18.3,39.69,0.585,5.794,70.6,3.04,20.8,5.366,0.057946368,0,0,1,2.714694743820879
498,21.2,39.69,0.585,6.019,65.3,2.68,20.8,5.824,0.054545842,0,0,1,2.6333266549062735
499,17.5,39.69,0.585,5.569,73.5,2.46,20.8,9.85,0.063466301,1,1,0,2.7788192719904172
500,16.8,39.69,0.585,6.027,79.7,2.64,20.8,6.236,0.052497379,0,1,0,2.7298116928837226
501,22.4,41.93,0.573,6.593,69.1,2.64,19.0,9.348,0.056005681,1,1,0,2.367436065313662
502,20.6,41.93,0.573,6.12,76.7,2.44,19.0,6.612,0.059903421,1,0,1,2.3105532626432224
503,23.9,41.93,0.573,6.976,91.0,2.34,19.0,5.478,0.057572286,1,1,0,1.8931119634883424
504,22.0,41.93,0.573,6.794,89.3,2.54,19.0,7.94,0.060694299,1,0,1,2.012232791986386
505,19.0,41.93,0.573,6.03,80.8,2.72,19.0,10.28,0.060335899,1,0,1,2.1838015570040787
